<?xml version="1.0" encoding="UTF-8"?>
<project-private xmlns="http://www.netbeans.org/ns/project-private/1">
    <editor-bookmarks xmlns="http://www.netbeans.org/ns/editor-bookmarks/2" lastBookmarkId="0"/>
    <open-files xmlns="http://www.netbeans.org/ns/projectui-open-files/2">
        <group>
            <file>file:/D:/Workspace/School/Jaar%202/GSO/Projects/Bankieren/Internetbankieren/src/bank/server/BalieServer.java</file>
            <file>file:/D:/Workspace/School/Jaar%202/GSO/Projects/Bankieren/Internetbankieren/src/bank/internettoegang/Bankiersessie.java</file>
            <file>file:/D:/Workspace/School/Jaar%202/GSO/Projects/Bankieren/Internetbankieren/src/internetbankieren/Internetbankieren.java</file>
            <file>file:/D:/Workspace/School/Jaar%202/GSO/Projects/Bankieren/Internetbankieren/src/bank/centrale/ICentrale.java</file>
            <file>file:/D:/Workspace/School/Jaar%202/GSO/Projects/Bankieren/Internetbankieren/src/bank/centrale/Centrale.java</file>
            <file>file:/D:/Workspace/School/Jaar%202/GSO/Projects/Bankieren/Internetbankieren/src/bank/centrale/CentraleServer.java</file>
            <file>file:/D:/Workspace/School/Jaar%202/GSO/Projects/Bankieren/Internetbankieren/src/bank/centrale/IBankCentrale.java</file>
            <file>file:/D:/Workspace/School/Jaar%202/GSO/Projects/Bankieren/Internetbankieren/src/bank/server/BalieController.java</file>
        </group>
    </open-files>
</project-private>
